{"classifiers": ["Intended Audience :: Developers", "Intended Audience :: System Administrators", "License :: OSI Approved :: Apache Software License"], "extensions": {"python.commands": {"wrap_console": {"credstash": "credstash:main"}}, "python.details": {"document_names": {"description": "DESCRIPTION.rst"}, "project_urls": {"Home": "https://github.com/LuminalOSS/credstash"}}, "python.exports": {"console_scripts": {"credstash": "credstash:main"}}}, "extras": ["YAML"], "generator": "bdist_wheel (0.29.0)", "license": "Apache2", "metadata_version": "2.0", "name": "credstash", "run_requires": [{"extra": "YAML", "requires": ["PyYAML (>=3.10)"]}, {"requires": ["boto3 (>=1.1.1)", "pycrypto (>=2.6.1)"]}], "summary": "A utility for managing secrets in the cloud using AWS KMS and DynamoDB", "version": "1.11.0"}